timestamp,result
2025-04-06T10:00:56+10:00,FAIL
2025-04-06T10:01:56+10:00,PASS
2025-04-06T10:02:56+10:00,PASS
2025-04-06T10:03:56+10:00,PASS
2025-04-06T10:04:50+10:00,PASS
2025-04-06T10:05:56+10:00,PASS
2025-04-06T10:06:56+10:00,PASS
2025-04-06T10:07:56+10:00,PASS
2025-04-06T10:08:57+10:00,PASS
2025-04-06T10:09:57+10:00,PASS
2025-05-06T10:00:58+10:00,FAIL
2025-05-06T10:01:52+10:00,PASS
2025-05-06T10:02:52+10:00,PASS
2025-05-06T10:03:59+10:00,PASS
2025-05-06T10:04:59+10:00,PASS
2025-05-06T10:05:53+10:00,PASS
2025-05-06T10:06:53+10:00,PASS
2025-05-06T10:07:59+10:00,PASS
2025-05-06T10:08:59+10:00,PASS
2025-05-06T10:09:53+10:00,PASS
